{
  "position": 8144,
  "original_base": "G",
  "new_base": "C",
  "prediction": "Pathogenic",
  "confidence": 0.1642667701602221,
  "probabilities": {
    "Benign": 0.006848598135051336,
    "Benign/Likely benign": 0.00429880583850083,
    "Conflicting classifications of pathogenicity": 0.12935537315783302,
    "Likely benign": 0.006884170851259164,
    "Likely pathogenic": 0.1565260909318474,
    "Pathogenic": 0.1642667701602221,
    "Pathogenic/Likely pathogenic": 0.06203806108611563,
    "Uncertain significance": 0.46978212983917067
  }
}