{
  "position": 228,
  "original_base": "G",
  "new_base": "A",
  "prediction": "Pathogenic",
  "confidence": 0.1642660532346502,
  "probabilities": {
    "Benign": 0.006846271917883535,
    "Benign/Likely benign": 0.004302222157692791,
    "Conflicting classifications of pathogenicity": 0.12934295984639282,
    "Likely benign": 0.006901524814573377,
    "Likely pathogenic": 0.15654686464213113,
    "Pathogenic": 0.1642660532346502,
    "Pathogenic/Likely pathogenic": 0.06203432448976655,
    "Uncertain significance": 0.4697597788969095
  }
}